{
    "QueryResponse": {
        "Item": [{
            "Name": "Freight Reimbursement",
            "Description": "Freight and Delivery Reimbursement",
            "Active": true,
            "Taxable": false,
            "UnitPrice": 0,
            "Type": "Other Charge",
            "IncomeAccountRef": {
                "value": "QB:119",
                "name": "Reimbursed Freight & Delivery"
            },
            "PurchaseCost": 0,
            "SalesTaxCodeRef": {
                "value": "QB:2",
                "name": "Non"
            },
            "SpecialItem": false,
            "status": "Synchronized",
            "Id": "QB:95",
            "SyncToken": "1",
            "MetaData": {
                "CreateTime": "2007-12-18T04:17:49Z",
                "LastUpdatedTime": "2013-06-03T10:38:56Z"
            }
        }],
        "startPosition": 1,
        "maxResults": 1
    },
    "time": "2013-06-03T11:03:36.552Z"
}