<IntuitResponse xmlns="http://schema.intuit.com/finance/v3" time="2013-05-27T16:32:11.714Z">

    <Item status="Pending">

        <Id>NG:3056748</Id>

        <SyncToken>4</SyncToken>

        <MetaData>

            <CreateTime>2013-05-27T15:17:40Z</CreateTime>

            <LastUpdatedTime>2013-05-27T15:20:14Z</LastUpdatedTime>

        </MetaData>

        <Name>Dis_mod1</Name>

        <Description>10% Discount</Description>

        <Active>true</Active>

        <Taxable>false</Taxable>

        <RatePercent>10</RatePercent>

        <Type>Discount</Type>

        <IncomeAccountRef name="Less Discounts given">QB:24</IncomeAccountRef>

        <SalesTaxCodeRef name="Non">QB:2</SalesTaxCodeRef>

    </Item>

</IntuitResponse>
