<IntuitResponse xmlns="http://schema.intuit.com/finance/v3" time="2013-05-27T16:47:21.075Z">
    <Item status="Pending">
        <Id>NG:3056750</Id>
        <SyncToken>1</SyncToken>
        <MetaData>
            <CreateTime>2013-05-27T15:35:23Z</CreateTime>
            <LastUpdatedTime>2013-05-27T15:35:23Z</LastUpdatedTime>
        </MetaData>
        <Name>Pay1</Name>
        <Description>Pay1</Description>
        <Active>true</Active>
        <Type>Payment</Type>
        <PaymentMethodRef name="Check">QB:2</PaymentMethodRef>
        <DepositToAccountRef name="Checking">QB:8</DepositToAccountRef>
    </Item>
</IntuitResponse>