<IntuitResponse xmlns="http://schema.intuit.com/finance/v3" time="2013-05-27T16:51:15.740Z">

    <Item status="Pending">

        <Id>NG:3056750</Id>

        <SyncToken>4</SyncToken>

        <MetaData>

            <CreateTime>2013-05-27T15:37:25Z</CreateTime>

            <LastUpdatedTime>2013-05-27T15:39:18Z</LastUpdatedTime>

        </MetaData>

        <Name>Pay1_mod1</Name>

        <Description>Pay1</Description>

        <Active>true</Active>

        <Type>Payment</Type>

        <PaymentMethodRef name="Check">QB:2</PaymentMethodRef>

        <DepositToAccountRef name="Checking">QB:8</DepositToAccountRef>

    </Item>

</IntuitResponse>
