{
    "Id": "NG:3104664",
    "SyncToken": "1",
    "Name": "Inventory item 7_mod1",
    "Description": "Inventory item",
    "Active": "true",
    "UnitPrice": "1782.56",
    "Type": "Inventory",
    "UOMSetRef": {
        "name": "Each to Case/Doz",
        "value": "QB:1"
    },
    "IncomeAccountRef": {
        "name": "Materials Income",
        "value": "QB:26"
    },
    "PurchaseDesc": "standard interior brass hinge",
    "PurchaseCost": "3",
    "COGSAccountRef": {
        "name": "Cost of Goods Sold",
        "value": "QB:30"
    },
    "AssetAccountRef": {
        "name": "Inventory Asset",
        "value": "QB:6"
    },
    "PrefVendorRef": {
        "name": "Perry Windows & Doors",
        "value": "QB:12"
    },
    "AvgCost": "3",
    "QtyOnHand": "2142",
    "QtyOnPurchaseOrder": "0",
    "QtyOnSalesOrder": "0"
}