{
    "Item": {
        "Name": "Dis1_mod",
        "Description": "10% Discount_mod",
        "Active": true,
        "Taxable": false,
        "RatePercent": 10,
        "Type": "Discount",
        "IncomeAccountRef": {
            "value": "QB:24",
            "name": "Less Discounts given"
        },
        "SalesTaxCodeRef": {
            "value": "QB:2",
            "name": "Non"
        },
        "status": "Pending",
        "Id": "NG:3104670",
        "SyncToken": "2",
        "MetaData": {
            "CreateTime": "2013-06-04T08:29:58Z",
            "LastUpdatedTime": "2013-06-04T09:30:35Z"
        },
        "CustomField": [],
        "AttachableRef": []
    },
    "time": "2013-06-04T10:43:56.033Z"
}