{
    "Item": {
        "Name": "Pay2",
        "Description": "Pay1",
        "Active": true,
        "Type": "Payment",
        "PaymentMethodRef": {
            "value": "QB:2",
            "name": "Check"
        },
        "DepositToAccountRef": {
            "value": "QB:8",
            "name": "Checking"
        },
        "status": "Pending",
        "Id": "NG:3104671",
        "SyncToken": "1",
        "MetaData": {
            "CreateTime": "2013-06-04T08:33:25Z",
            "LastUpdatedTime": "2013-06-04T08:33:25Z"
        },
        "CustomField": [],
        "AttachableRef": []
    },
    "time": "2013-06-04T09:46:42.652Z"
}